Workbook

Sheet UAT Checklist
A1: TC-ID | B1: Category | C1: Test Case | D1: Test Steps | E1: Expected Result | F1: Actual Result | G1: Status | H1: Priority | I1: Assigned To | J1: Environment | K1: Date Tested | L1: Defect ID | M1: Notes
A2: TC-001 | B2: Authentication & Access | C2: Login with valid credentials | D2: 1. Navigate to login page 2. Enter valid username/password 3. Click Login | E2: User is authenticated and redirected to dashboard | H2: Critical
A3: TC-002 | B3: Authentication & Access | C3: Login with invalid credentials | D3: 1. Navigate to login page 2. Enter invalid credentials 3. Click Login | E3: Error message displayed; no access granted | H3: Critical
A4: TC-003 | B4: Authentication & Access | C4: Session timeout handling | D4: 1. Login successfully 2. Remain idle beyond timeout threshold 3. Attempt an action | E4: Session expires; user redirected to login with appropriate message | H4: High
A5: TC-004 | B5: Authentication & Access | C5: Role-based access control | D5: 1. Login as each role (admin, user, viewer) 2. Attempt restricted actions per role | E5: Actions blocked/allowed per role permissions matrix | H5: Critical
A6: TC-005 | B6: Authentication & Access | C6: Password reset flow | D6: 1. Click Forgot Password 2. Enter registered email 3. Follow reset link 4. Set new password | E6: Password updated successfully; old password no longer works | H6: High
A7: TC-006 | B7: Authentication & Access | C7: MFA enforcement | D7: 1. Enable MFA on account 2. Logout and login again 3. Complete MFA challenge | E7: Access granted only after MFA verification | H7: High
A8: TC-007 | B8: Core Functionality | C8: Create new record | D8: 1. Navigate to creation form 2. Fill all required fields with valid data 3. Submit | E8: Record created successfully; confirmation displayed; record visible in list | H8: Critical
A9: TC-008 | B9: Core Functionality | C9: Edit existing record | D9: 1. Select an existing record 2. Modify one or more fields 3. Save changes | E9: Changes persisted; updated values reflected in UI and database | H9: Critical
A10: TC-009 | B10: Core Functionality | C10: Delete record | D10: 1. Select a record 2. Click Delete 3. Confirm deletion | E10: Record removed; no longer appears in list; dependent data handled | H10: High
A11: TC-010 | B11: Core Functionality | C11: Search / filter records | D11: 1. Enter search term or apply filters 2. Review results | E11: Only matching records displayed; results accurate and performant | H11: High
A12: TC-011 | B12: Core Functionality | C12: Bulk operations | D12: 1. Select multiple records 2. Apply bulk action (export, delete, update) 3. Confirm | E12: Action applied to all selected records; partial failures reported | H12: Medium
A13: TC-012 | B13: Core Functionality | C13: Sorting and pagination | D13: 1. Click column headers to sort 2. Navigate between pages | E13: Sorting is accurate; pagination preserves sort order and filters | H13: Medium
... A52: TC-051 | B52: Deployment & Environment | C52: Smoke test post-deployment | D52: 1. Execute critical path flows after deployment 2. Check logs for errors | E52: Core flows pass; no new errors in logs; system health checks green | H52: Critical

Sheet Summary
A1: UAT Execution Summary
A3: Total Test Cases | B3: =COUNTA('UAT Checklist'!A2:A52) -> 51 | D3: Category | E3: Total | F3: Pass | G3: Fail
A4: Pass | B4: =COUNTIF('UAT Checklist'!G2:G52,"Pass") -> 0 | D4: Authentication & Access | E4: =COUNTIF('UAT Checklist'!B2:B52,D4) -> 6 | F4: =COUNTIFS('UAT Checklist'!B2:B52,D4,'UAT Checklist'!G2:G52,"Pass") -> 0 | G4: =COUNTIFS('UAT Checklist'!B2:B52,D4,'UAT Checklist'!G2:G52,"Fail") -> 0
A5: Fail | B5: =COUNTIF('UAT Checklist'!G2:G52,"Fail") -> 0 | D5: Core Functionality | E5: =COUNTIF('UAT Checklist'!B2:B52,D5) -> 6 | F5: =COUNTIFS('UAT Checklist'!B2:B52,D5,'UAT Checklist'!G2:G52,"Pass") -> 0 | G5: =COUNTIFS('UAT Checklist'!B2:B52,D5,'UAT Checklist'!G2:G52,"Fail") -> 0
A6: Blocked | B6: =COUNTIF('UAT Checklist'!G2:G52,"Blocked") -> 0 | D6: Input Validation | E6: =COUNTIF('UAT Checklist'!B2:B52,D6) -> 5 | F6: =COUNTIFS('UAT Checklist'!B2:B52,D6,'UAT Checklist'!G2:G52,"Pass") -> 0 | G6: =COUNTIFS('UAT Checklist'!B2:B52,D6,'UAT Checklist'!G2:G52,"Fail") -> 0
A7: Not Tested | B7: =COUNTIF('UAT Checklist'!G2:G52,"Not Tested") -> 0 | D7: Data Integrity | E7: =COUNTIF('UAT Checklist'!B2:B52,D7) -> 5 | F7: =COUNTIFS('UAT Checklist'!B2:B52,D7,'UAT Checklist'!G2:G52,"Pass") -> 0 | G7: =COUNTIFS('UAT Checklist'!B2:B52,D7,'UAT Checklist'!G2:G52,"Fail") -> 0
A8: In Progress | B8: =COUNTIF('UAT Checklist'!G2:G52,"In Progress") -> 0 | D8: Integration & API | E8: =COUNTIF('UAT Checklist'!B2:B52,D8) -> 4 | F8: =COUNTIFS('UAT Checklist'!B2:B52,D8,'UAT Checklist'!G2:G52,"Pass") -> 0 | G8: =COUNTIFS('UAT Checklist'!B2:B52,D8,'UAT Checklist'!G2:G52,"Fail") -> 0
A9: Deferred | B9: =COUNTIF('UAT Checklist'!G2:G52,"Deferred") -> 0 | D9: Notifications & Alerts | E9: =COUNTIF('UAT Checklist'!B2:B52,D9) -> 3 | F9: =COUNTIFS('UAT Checklist'!B2:B52,D9,'UAT Checklist'!G2:G52,"Pass") -> 0 | G9: =COUNTIFS('UAT Checklist'!B2:B52,D9,'UAT Checklist'!G2:G52,"Fail") -> 0
D10: Reporting & Export | E10: =COUNTIF('UAT Checklist'!B2:B52,D10) -> 3 | F10: =COUNTIFS('UAT Checklist'!B2:B52,D10,'UAT Checklist'!G2:G52,"Pass") -> 0 | G10: =COUNTIFS('UAT Checklist'!B2:B52,D10,'UAT Checklist'!G2:G52,"Fail") -> 0
A11: Pass Rate (%) | B11: =IF(B3>0,ROUND(B4/B3*100,1),0) -> 0 | D11: Performance | E11: =COUNTIF('UAT Checklist'!B2:B52,D11) -> 3 | F11: =COUNTIFS('UAT Checklist'!B2:B52,D11,'UAT Checklist'!G2:G52,"Pass") -> 0 | G11: =COUNTIFS('UAT Checklist'!B2:B52,D11,'UAT Checklist'!G2:G52,"Fail") -> 0
A12: Completion Rate (%) | B12: =IF(B3>0,ROUND((B4+B5+B6)/B3*100,1),0) -> 0 | D12: UI / UX | E12: =COUNTIF('UAT Checklist'!B2:B52,D12) -> 5 | F12: =COUNTIFS('UAT Checklist'!B2:B52,D12,'UAT Checklist'!G2:G52,"Pass") -> 0 | G12: =COUNTIFS('UAT Checklist'!B2:B52,D12,'UAT Checklist'!G2:G52,"Fail") -> 0
D13: Security | E13: =COUNTIF('UAT Checklist'!B2:B52,D13) -> 5 | F13: =COUNTIFS('UAT Checklist'!B2:B52,D13,'UAT Checklist'!G2:G52,"Pass") -> 0 | G13: =COUNTIFS('UAT Checklist'!B2:B52,D13,'UAT Checklist'!G2:G52,"Fail") -> 0
D14: Error Handling & Recovery | E14: =COUNTIF('UAT Checklist'!B2:B52,D14) -> 3 | F14: =COUNTIFS('UAT Checklist'!B2:B52,D14,'UAT Checklist'!G2:G52,"Pass") -> 0 | G14: =COUNTIFS('UAT Checklist'!B2:B52,D14,'UAT Checklist'!G2:G52,"Fail") -> 0
D15: Deployment & Environment | E15: =COUNTIF('UAT Checklist'!B2:B52,D15) -> 3 | F15: =COUNTIFS('UAT Checklist'!B2:B52,D15,'UAT Checklist'!G2:G52,"Pass") -> 0 | G15: =COUNTIFS('UAT Checklist'!B2:B52,D15,'UAT Checklist'!G2:G52,"Fail") -> 0

Sheet Instructions
A1: UAT Checklist — Instructions
A3: 1. UAT Checklist tab: Contains all test cases organized by category.
A4: 2. For each test case, execute the steps and record Actual Result.
A5: 3. Set Status using the dropdown: Pass / Fail / Blocked / Not Tested / In Progress / Deferred.
A6: 4. If a defect is found, log it in your defect tracker and record the Defect ID.
A7: 5. Summary tab: Auto-calculates pass rate, completion rate, and per-category breakdown.
A8: 6. Add new test cases by inserting rows within the checklist (keep within filter range).
A9: 7. Customize categories, priorities, and environments to match your project.
A11: Status Definitions:
A12: Pass — Test executed; actual result matches expected result.
A13: Fail — Test executed; actual result does NOT match expected result.
A14: Blocked — Cannot execute due to environment, dependency, or defect.
... A17: Deferred — Intentionally postponed to a later cycle.
